{
	"system" : {
		"platform" : "windows64",
		"os_name" : "Windows 10",
		"os_version" : "10.0"
	},
	"error" : {
		"executable" : "quartus",
		"comment" : "not_applicable",
		"error_message" : "Access Violation at 0X00007FFC47072627",
		"source_file" : "unknown",
		"line" : "0",
		"stack_trace" : "\t0x7ffc47072626: edt_tedq + 0x32626 (?on_mark_all_button@TEDQ_SCINTILLA_CTRL@@QEAAX_N@Z + 0x16)\n\t0x7ffc470725f2: edt_tedq + 0x325f2 (?on_mark_all_button@TEDQ_FIND_DLG@@IEAAXXZ + 0xc2)\n\t 0x5503d1f0: QtCore4 + 0x11d1f0 (?activate@QMetaObject@@SAXPEAVQObject@@PEBU1@HPEAPEAX@Z + 0x520)\n\t 0x5579fdf2: QtGui4 + 0x58fdf2 (?clicked@QAbstractButton@@IEAAX_N@Z + 0x32)\n\t 0x55556b8e: QtGui4 + 0x346b8e (?click@QAbstractButton@@QEAAXXZ + 0x51e)\n\t 0x55556807: QtGui4 + 0x346807 (?click@QAbstractButton@@QEAAXXZ + 0x197)\n\t 0x55557699: QtGui4 + 0x347699 (?mouseReleaseEvent@QAbstractButton@@MEAAXPEAVQMouseEvent@@@Z + 0x59)\n\t 0x55271dc4: QtGui4 + 0x61dc4 (?event@QWidget@@MEAA_NPEAVQEvent@@@Z + 0xd4)\n\t 0x55232f95: QtGui4 + 0x22f95 (?notify_helper@QApplicationPrivate@@QEAA_NPEAVQObject@@PEAVQEvent@@@Z + 0xf5)\n\t 0x55231b8e: QtGui4 + 0x21b8e (?notify@QApplication@@UEAA_NPEAVQObject@@PEAVQEvent@@@Z + 0x71e)\n\t 0x5502e67b: QtCore4 + 0x10e67b (?notifyInternal@QCoreApplication@@AEAA_NPEAVQObject@@PEAVQEvent@@@Z + 0x7b)\n\t 0x55235dee: QtGui4 + 0x25dee (?sendMouseEvent@QApplicationPrivate@@SA_NPEAVQWidget@@PEAVQMouseEvent@@00PEAPEAV2@AEAV?$QPointer@VQWidget@@@@_N@Z + 0x1de)\n\t 0x552969b0: QtGui4 + 0x869b0 (?trUtf8@QScrollBar@@SA?AVQString@@PEBD0H@Z + 0x1440)\n\t 0x5529a361: QtGui4 + 0x8a361 (?winMouseButtonUp@QApplication@@SAXXZ + 0x2761)\n\t0x7ffcc98ae857: USER32 + 0xe857 (CallWindowProcW + 0x3f7)\n\t0x7ffcc98ae298: USER32 + 0xe298 (DispatchMessageW + 0x258)\n\t 0x55053982: QtCore4 + 0x133982 (?processEvents@QEventDispatcherWin32@@UEAA_NV?$QFlags@W4ProcessEventsFlag@QEventLoop@@@@@Z + 0x3e2)\n\t 0x55292074: QtGui4 + 0x82074 (?openPopup@QApplicationPrivate@@QEAAXPEAVQWidget@@@Z + 0x204)\n\t 0x5502b5db: QtCore4 + 0x10b5db (?exec@QEventLoop@@QEAAHV?$QFlags@W4ProcessEventsFlag@QEventLoop@@@@@Z + 0x22b)\n\t 0x5502dbbf: QtCore4 + 0x10dbbf (?exec@QCoreApplication@@SAHXZ + 0xdf)\n\t0x7ff7a848198b: quartus + 0x198b (?qgq_main@@YAHHPEAPEBD@Z + 0x8b)\n\t0x7ffca4b23258: CCL_MSG + 0x13258 (?msg_main_thread@@YAPEAXPEAX@Z + 0x18)\n\t0x7ffca4b24a5e: CCL_MSG + 0x14a5e (?msg_thread_wrapper@@YAPEAXP6APEAXPEAX@Z0@Z + 0x6e)\n\t0x7ffca4d96af0: ccl_mem + 0x16af0 (?mem_thread_wrapper@@YAPEAXP6APEAXPEAX@Z0@Z + 0x70)\n\t0x7ffca4b22af1: CCL_MSG + 0x12af1 (?msg_exe_main@@YAHHPEAPEBDP6AHH0@Z@Z + 0xa1)\n\t0x7ff7a8482777: quartus + 0x2777 (WinMain + 0x127)\n\t0x7ff7a8481f40: quartus + 0x1f40 (__tmainCRTStartup + 0x148)\n\t0x7ffcc94c7033: KERNEL32 + 0x17033 (BaseThreadInitThunk + 0x13)\n\t0x7ffcca402650: ntdll + 0x52650 (RtlUserThreadStart + 0x20)\n",
		"subsystem" : "unknown"
	},
	"quartus" : {
		"quartus_bits" : "64",
		"version" : "20.1.1",
		"build" : "720",
		"edition" : "Lite Edition"
	}
}